"relative_path","size_bytes","sha256","extension","last_write_utc"
"PhoenixMiner_6.2c_Windows/config.txt","812","bd55ec593a96825cc0f86f9d9263b1a0cdb642f07651099d4adae72107ff8833",".txt","2018-11-26T16:34:04.0000000Z"
"PhoenixMiner_6.2c_Windows/doc/_static/basic.css","12934","47f8f2251453c98d12b2e0277aa8f7c9f4b09de6cce9ddb578dde8dad2858153",".css","2019-12-29T08:04:56.0000000Z"
"PhoenixMiner_6.2c_Windows/doc/_static/css/badge_only.css","3391","20c35180ca0ed324fc6ba9f896fe2b9588538b6b51885d6f73e89b2720b8dbb6",".css","2019-10-24T01:30:14.0000000Z"
"PhoenixMiner_6.2c_Windows/doc/_static/css/theme.css","118340","4c69fd4e74dd3eb002a6c5998638270627ac61ae2a341c2e46f61b33ffc4f970",".css","2019-10-24T01:30:14.0000000Z"
"PhoenixMiner_6.2c_Windows/doc/_static/doctools.js","9270","d70ec0a21d2befa2bb3b536c386da3ceec79399baa9ed6eb812ff9d48f68254e",".js","2019-10-24T01:16:30.0000000Z"
"PhoenixMiner_6.2c_Windows/doc/_static/documentation_options.js","314","ee798f766052aac7cb76204d4887ed69b8e9d6d22dcf3bda79a43e13c8b6a9e1",".js","2022-04-30T03:49:46.0000000Z"
"PhoenixMiner_6.2c_Windows/doc/_static/file.png","286","5c4bc9a16aebf38c4b950f59b8e501ca36495328cb9eb622218bce9064a35e3e",".png","2019-10-24T01:16:30.0000000Z"
"PhoenixMiner_6.2c_Windows/doc/_static/fonts/fontawesome-webfont.ttf","165548","aa58f33f239a0fb02f5c7a6c45c043d7a9ac9a093335806694ecd6d4edc0d6a8",".ttf","2019-10-24T01:30:14.0000000Z"
"PhoenixMiner_6.2c_Windows/doc/_static/jquery.js","88145","0925e8ad7bd971391a8b1e98be8e87a6971919eb5b60c196485941c3c1df089a",".js","2019-10-24T01:16:30.0000000Z"
"PhoenixMiner_6.2c_Windows/doc/_static/jquery-3.4.1.js","280364","5a93a88493aa32aab228bf4571c01207d3b42b0002409a454d404b4d8395bd55",".js","2019-10-24T01:16:30.0000000Z"
"PhoenixMiner_6.2c_Windows/doc/_static/js/modernizr.min.js","15414","cf25ec18f223f4c51ce1128a42e644cdc2244d88f89d1a51440d9dbe51f4efe8",".js","2019-10-24T01:30:16.0000000Z"
"PhoenixMiner_6.2c_Windows/doc/_static/js/theme.js","4414","54ecd5e16634220f8d921af1da4a5383038cbfcbaadf4fa7d022781ffd0a5c4f",".js","2019-10-24T01:30:16.0000000Z"
"PhoenixMiner_6.2c_Windows/doc/_static/language_data.js","11144","5f28c9a2b5a7fa91bd6a60185d5fc6d989058f75beb0f921073d4101e2732387",".js","2019-12-29T08:04:56.0000000Z"
"PhoenixMiner_6.2c_Windows/doc/_static/minus.png","90","47e7fc50db3699f1ca41ce9a2ffa202c00c5d1d5180c55f62ba859b1bd6cc008",".png","2019-10-24T01:16:30.0000000Z"
"PhoenixMiner_6.2c_Windows/doc/_static/plus.png","90","54115199b96a130cba02147c47c0deb43dcc9b9f08b5162bba8642b34980ac63",".png","2019-10-24T01:16:30.0000000Z"
"PhoenixMiner_6.2c_Windows/doc/_static/pygments.css","4463","e882628da450480613755e6b8e1ad7014c15e5666c758973352469990a5626de",".css","2019-12-29T08:04:56.0000000Z"
"PhoenixMiner_6.2c_Windows/doc/_static/searchtools.js","15987","b79f601627f310fe180d1b6b60b47f1f287acac95ef5d0916f3f84f67e525fad",".js","2019-10-24T01:16:30.0000000Z"
"PhoenixMiner_6.2c_Windows/doc/_static/underscore.js","12140","42d8fad13bc28fc726775196ec9ab953febf9bde175c5845128361c953fa17f4",".js","2019-10-24T01:16:30.0000000Z"
"PhoenixMiner_6.2c_Windows/doc/_static/underscore-1.3.1.js","35168","f808f0aa32fbe90fb9c9c846917faff3fdd4e236c284b76c02dd33753dc90177",".js","2019-10-24T01:16:30.0000000Z"
"PhoenixMiner_6.2c_Windows/doc/API.html","20438","7a75429bc6757b48f8b0d389c03d52340159b81df562d994b351872565126935",".html","2022-04-30T03:49:46.0000000Z"
"PhoenixMiner_6.2c_Windows/doc/arguments.html","48947","bd631eda4e6d6adc095b33df422dc579f91ebab89ae491196f97ead9d44189e6",".html","2022-04-30T03:49:46.0000000Z"
"PhoenixMiner_6.2c_Windows/doc/config-files.html","10866","68918bb9388a924916c77ecb30dbcef7e8a6f344e05388082f31dae5d0f05377",".html","2022-04-30T03:49:46.0000000Z"
"PhoenixMiner_6.2c_Windows/doc/faq.html","11531","0acb3c8937d4244fe064967ae0212ce9b4ee2a7760b6d4a079331f2fa6830093",".html","2022-04-30T03:49:46.0000000Z"
"PhoenixMiner_6.2c_Windows/doc/features.html","12276","78bfd80cc775a265b1d95c0cdc703dc498cb4ff5be1325f9a16d9dbb1e7d564e",".html","2022-04-30T03:49:46.0000000Z"
"PhoenixMiner_6.2c_Windows/doc/genindex.html","6670","fb8d038ec3d41ca6f8d1339c394876c45376d9d924c026bfcf532ac3658fbc25",".html","2022-04-30T03:49:46.0000000Z"
"PhoenixMiner_6.2c_Windows/doc/hw-control.html","13234","e4479432a7ada7ab7e3861cafb9efd7679c77f8bd98e1116b7b0c9ee5ac62849",".html","2022-04-30T03:49:46.0000000Z"
"PhoenixMiner_6.2c_Windows/doc/index.html","9825","d285c9fecaa3e362bb37dc7aa9d84a6353e9f6d635001bab287fb7666611c6ae",".html","2022-04-30T03:49:46.0000000Z"
"PhoenixMiner_6.2c_Windows/doc/interactive.html","10640","f3b09c000c3ebd7a4c93794fdcbf88d2bdf091b6e8adc3f48c015bd8f67b7e5b",".html","2022-04-30T03:49:46.0000000Z"
"PhoenixMiner_6.2c_Windows/doc/intro.html","8935","8be72d6a6d0ff5425ad6ee09873da774cab324a33894f46b56361568cbf9d9a9",".html","2022-04-30T03:49:46.0000000Z"
"PhoenixMiner_6.2c_Windows/doc/quick-start.html","16563","ea52b00effb0ec8fe68f208b0bb1f7223afed4a0a0df353b5ba275e8cc6d150e",".html","2022-04-30T03:49:46.0000000Z"
"PhoenixMiner_6.2c_Windows/doc/remote.html","8122","a9496d23fb1b7a17a8ea62f51e771640a366029055eedeb990bfc28754df30da",".html","2022-04-30T03:49:46.0000000Z"
"PhoenixMiner_6.2c_Windows/doc/search.html","7102","4f38ecc7f6ef5978ecb1835544cf500cba9143149dc4d7b54839268da566e9ad",".html","2022-04-30T03:49:46.0000000Z"
"PhoenixMiner_6.2c_Windows/doc/searchindex.js","14327","7bd4de2ab5547c1e2f27e18ecce80d8661ded6645bd892251d57d64f9c922509",".js","2022-04-30T03:49:46.0000000Z"
"PhoenixMiner_6.2c_Windows/doc/troubleshooting.html","10946","c79d8c000566cf3eb7684b77f31146bfc5072ccd6c27902d4e2ffa5ad70680d7",".html","2022-04-30T03:49:46.0000000Z"
"PhoenixMiner_6.2c_Windows/dpools.txt","1113","c7ca250f97d5e06773a03b03e37367598b9d060a3f0aaaca2ff9d6d77ca9ccd9",".txt","2018-11-26T16:22:44.0000000Z"
"PhoenixMiner_6.2c_Windows/EIO.dll","98304","287e44f5067a4e770e8a0605f5720d3d1477ecc4aa4f3a26ce5d3a489ae79780",".dll","2019-06-02T17:41:18.0000000Z"
"PhoenixMiner_6.2c_Windows/EIO.exe","97792","402438684406d1e3b2d1d5629151259ad864ffc55c8e6ab176f4c47c543d4fee",".exe","2020-11-08T05:33:36.0000000Z"
"PhoenixMiner_6.2c_Windows/epools_example.txt","1974","6d94e3cfdde00762204d14be40d421d83b2285454ddcf46986c9e64664e65124",".txt","2022-04-30T03:44:20.0000000Z"
"PhoenixMiner_6.2c_Windows/PhoenixMiner.exe","8477696","c0e187a0974b337fe6990e9a929c472dcf491282b8171322291a0ed6c1c653c3",".exe","2022-04-27T04:05:16.0000000Z"
"PhoenixMiner_6.2c_Windows/Readme.txt","52382","05b289d6a255d1c9aa398b6074ac4ff0ad982179840d0c759a1aa002cae086f3",".txt","2022-05-02T02:52:18.0000000Z"
"PhoenixMiner_6.2c_Windows/ReleaseNotes.txt","43849","c3eec279c37602649f51b46880288e57e7d17d6c77b0a6918375f025b28af637",".txt","2022-05-02T02:45:24.0000000Z"
"PhoenixMiner_6.2c_Windows/start_miner.bat","507","5e35af7f3a18ed0e8b1cd548fa0df1ed0e61ca8e4630833b35bbff29fc91a112",".bat","2018-04-11T11:42:46.0000000Z"
"PhoenixMiner_6.2c_Windows/start_miner_etc.bat","485","69b05d5625cf3702b82f629cad84ad6c1180c22c84617c5dda77d52774cd5feb",".bat","2020-11-27T08:04:22.0000000Z"
