"callsite_rva","iat_mem_rva","dll","import_name"
"0x003B16A7","0x004306F0","KERNEL32.dll","CompareStringW"
"0x003F96DE","0x004306F0","KERNEL32.dll","CompareStringW"
"0x0006F818","0x00430278","KERNEL32.dll","CreateFileA"
"0x001C40F0","0x00430278","KERNEL32.dll","CreateFileA"
"0x001C4290","0x00430278","KERNEL32.dll","CreateFileA"
"0x0022487C","0x00430340","KERNEL32.dll","CreateFileW"
"0x0028CACC","0x00430340","KERNEL32.dll","CreateFileW"
"0x0028CC24","0x00430340","KERNEL32.dll","CreateFileW"
"0x0028D43A","0x00430340","KERNEL32.dll","CreateFileW"
"0x003EEE65","0x00430340","KERNEL32.dll","CreateFileW"
"0x003FF82D","0x00430340","KERNEL32.dll","CreateFileW"
"0x00404EE9","0x00430340","KERNEL32.dll","CreateFileW"
"0x00404F45","0x00430340","KERNEL32.dll","CreateFileW"
"0x0040515C","0x00430340","KERNEL32.dll","CreateFileW"
"0x00405C79","0x00430340","KERNEL32.dll","CreateFileW"
"0x001C1C37","0x004302C8","KERNEL32.dll","DeviceIoControl"
"0x001C1CA0","0x004302C8","KERNEL32.dll","DeviceIoControl"
"0x001C1D58","0x004302C8","KERNEL32.dll","DeviceIoControl"
"0x001C1E0E","0x004302C8","KERNEL32.dll","DeviceIoControl"
"0x001C1EAC","0x004302C8","KERNEL32.dll","DeviceIoControl"
"0x001C1F3E","0x004302C8","KERNEL32.dll","DeviceIoControl"
"0x001C44A1","0x004302C8","KERNEL32.dll","DeviceIoControl"
"0x001C6C1C","0x004302C8","KERNEL32.dll","DeviceIoControl"
"0x001C6C65","0x004302C8","KERNEL32.dll","DeviceIoControl"
"0x0028CB1F","0x004302C8","KERNEL32.dll","DeviceIoControl"
"0x003E16B4","0x00430170","KERNEL32.dll","GetCommandLineA"
"0x003E16C1","0x00430168","KERNEL32.dll","GetCommandLineW"
"0x0000276D","0x004301E8","KERNEL32.dll","GetProcAddress"
"0x0000279A","0x004301E8","KERNEL32.dll","GetProcAddress"
"0x000027C7","0x004301E8","KERNEL32.dll","GetProcAddress"
"0x000027F4","0x004301E8","KERNEL32.dll","GetProcAddress"
"0x00002821","0x004301E8","KERNEL32.dll","GetProcAddress"
"0x0000284E","0x004301E8","KERNEL32.dll","GetProcAddress"
"0x0000287B","0x004301E8","KERNEL32.dll","GetProcAddress"
"0x000028A8","0x004301E8","KERNEL32.dll","GetProcAddress"
"0x000028D5","0x004301E8","KERNEL32.dll","GetProcAddress"
"0x00002902","0x004301E8","KERNEL32.dll","GetProcAddress"
"0x0000292F","0x004301E8","KERNEL32.dll","GetProcAddress"
"0x0000295C","0x004301E8","KERNEL32.dll","GetProcAddress"
"0x00002989","0x004301E8","KERNEL32.dll","GetProcAddress"
"0x000029B6","0x004301E8","KERNEL32.dll","GetProcAddress"
"0x000029E3","0x004301E8","KERNEL32.dll","GetProcAddress"
"0x00002A10","0x004301E8","KERNEL32.dll","GetProcAddress"
"0x00002A3D","0x004301E8","KERNEL32.dll","GetProcAddress"
"0x00002A6A","0x004301E8","KERNEL32.dll","GetProcAddress"
"0x00002A97","0x004301E8","KERNEL32.dll","GetProcAddress"
"0x00002AC4","0x004301E8","KERNEL32.dll","GetProcAddress"
"0x00002AF1","0x004301E8","KERNEL32.dll","GetProcAddress"
"0x00002B1E","0x004301E8","KERNEL32.dll","GetProcAddress"
"0x00002B4B","0x004301E8","KERNEL32.dll","GetProcAddress"
"0x00002B78","0x004301E8","KERNEL32.dll","GetProcAddress"
"0x00002BA5","0x004301E8","KERNEL32.dll","GetProcAddress"
"0x00002BD2","0x004301E8","KERNEL32.dll","GetProcAddress"
"0x00002BFF","0x004301E8","KERNEL32.dll","GetProcAddress"
"0x00002C2C","0x004301E8","KERNEL32.dll","GetProcAddress"
"0x00002C59","0x004301E8","KERNEL32.dll","GetProcAddress"
"0x00002C86","0x004301E8","KERNEL32.dll","GetProcAddress"
"0x00002CB3","0x004301E8","KERNEL32.dll","GetProcAddress"
"0x00002CE0","0x004301E8","KERNEL32.dll","GetProcAddress"
"0x00002D0D","0x004301E8","KERNEL32.dll","GetProcAddress"
"0x00002D3A","0x004301E8","KERNEL32.dll","GetProcAddress"
"0x00002D67","0x004301E8","KERNEL32.dll","GetProcAddress"
"0x00002D94","0x004301E8","KERNEL32.dll","GetProcAddress"
"0x00002DC1","0x004301E8","KERNEL32.dll","GetProcAddress"
"0x00002DEE","0x004301E8","KERNEL32.dll","GetProcAddress"
"0x00002E1B","0x004301E8","KERNEL32.dll","GetProcAddress"
"0x00002E48","0x004301E8","KERNEL32.dll","GetProcAddress"
"0x00002E75","0x004301E8","KERNEL32.dll","GetProcAddress"
"0x00002EA2","0x004301E8","KERNEL32.dll","GetProcAddress"
"0x00002ECF","0x004301E8","KERNEL32.dll","GetProcAddress"
"0x00002EFC","0x004301E8","KERNEL32.dll","GetProcAddress"
"0x00002F29","0x004301E8","KERNEL32.dll","GetProcAddress"
"0x00002F56","0x004301E8","KERNEL32.dll","GetProcAddress"
"0x00002F83","0x004301E8","KERNEL32.dll","GetProcAddress"
"0x00002FB0","0x004301E8","KERNEL32.dll","GetProcAddress"
"0x00002FDD","0x004301E8","KERNEL32.dll","GetProcAddress"
"0x0000300A","0x004301E8","KERNEL32.dll","GetProcAddress"
"0x00003037","0x004301E8","KERNEL32.dll","GetProcAddress"
"0x00003064","0x004301E8","KERNEL32.dll","GetProcAddress"
"0x00003091","0x004301E8","KERNEL32.dll","GetProcAddress"
"0x000030BE","0x004301E8","KERNEL32.dll","GetProcAddress"
"0x000030EB","0x004301E8","KERNEL32.dll","GetProcAddress"
"0x00003118","0x004301E8","KERNEL32.dll","GetProcAddress"
"0x00003145","0x004301E8","KERNEL32.dll","GetProcAddress"
"0x00003172","0x004301E8","KERNEL32.dll","GetProcAddress"
"0x0000319F","0x004301E8","KERNEL32.dll","GetProcAddress"
"0x000031CC","0x004301E8","KERNEL32.dll","GetProcAddress"
"0x000031F9","0x004301E8","KERNEL32.dll","GetProcAddress"
"0x00003226","0x004301E8","KERNEL32.dll","GetProcAddress"
"0x00003253","0x004301E8","KERNEL32.dll","GetProcAddress"
"0x00003280","0x004301E8","KERNEL32.dll","GetProcAddress"
"0x000032AD","0x004301E8","KERNEL32.dll","GetProcAddress"
"0x000032DA","0x004301E8","KERNEL32.dll","GetProcAddress"
"0x00003307","0x004301E8","KERNEL32.dll","GetProcAddress"
"0x00003334","0x004301E8","KERNEL32.dll","GetProcAddress"
"0x00003361","0x004301E8","KERNEL32.dll","GetProcAddress"
"0x0000338E","0x004301E8","KERNEL32.dll","GetProcAddress"
"0x000033BB","0x004301E8","KERNEL32.dll","GetProcAddress"
"0x000033E8","0x004301E8","KERNEL32.dll","GetProcAddress"
"0x00003415","0x004301E8","KERNEL32.dll","GetProcAddress"
"0x00003442","0x004301E8","KERNEL32.dll","GetProcAddress"
"0x0000346F","0x004301E8","KERNEL32.dll","GetProcAddress"
"0x0000349C","0x004301E8","KERNEL32.dll","GetProcAddress"
"0x000034C9","0x004301E8","KERNEL32.dll","GetProcAddress"
"0x000034F6","0x004301E8","KERNEL32.dll","GetProcAddress"
"0x00003523","0x004301E8","KERNEL32.dll","GetProcAddress"
"0x00003550","0x004301E8","KERNEL32.dll","GetProcAddress"
"0x0000357D","0x004301E8","KERNEL32.dll","GetProcAddress"
"0x000035AA","0x004301E8","KERNEL32.dll","GetProcAddress"
"0x000035D7","0x004301E8","KERNEL32.dll","GetProcAddress"
"0x00003604","0x004301E8","KERNEL32.dll","GetProcAddress"
"0x00003631","0x004301E8","KERNEL32.dll","GetProcAddress"
"0x0000365E","0x004301E8","KERNEL32.dll","GetProcAddress"
"0x0000368B","0x004301E8","KERNEL32.dll","GetProcAddress"
"0x000036B8","0x004301E8","KERNEL32.dll","GetProcAddress"
"0x000036E5","0x004301E8","KERNEL32.dll","GetProcAddress"
"0x00003712","0x004301E8","KERNEL32.dll","GetProcAddress"
"0x0000373F","0x004301E8","KERNEL32.dll","GetProcAddress"
"0x0000376C","0x004301E8","KERNEL32.dll","GetProcAddress"
"0x00003799","0x004301E8","KERNEL32.dll","GetProcAddress"
"0x000037C6","0x004301E8","KERNEL32.dll","GetProcAddress"
"0x000037F3","0x004301E8","KERNEL32.dll","GetProcAddress"
"0x00003820","0x004301E8","KERNEL32.dll","GetProcAddress"
"0x0000384D","0x004301E8","KERNEL32.dll","GetProcAddress"
"0x0000387A","0x004301E8","KERNEL32.dll","GetProcAddress"
"0x000038A7","0x004301E8","KERNEL32.dll","GetProcAddress"
"0x000038D4","0x004301E8","KERNEL32.dll","GetProcAddress"
"0x00003901","0x004301E8","KERNEL32.dll","GetProcAddress"
"0x0000392E","0x004301E8","KERNEL32.dll","GetProcAddress"
"0x0000395B","0x004301E8","KERNEL32.dll","GetProcAddress"
"0x00003988","0x004301E8","KERNEL32.dll","GetProcAddress"
"0x000039B5","0x004301E8","KERNEL32.dll","GetProcAddress"
"0x000039E2","0x004301E8","KERNEL32.dll","GetProcAddress"
"0x00003A0F","0x004301E8","KERNEL32.dll","GetProcAddress"
"0x00003A3C","0x004301E8","KERNEL32.dll","GetProcAddress"
"0x00003A69","0x004301E8","KERNEL32.dll","GetProcAddress"
"0x00003A96","0x004301E8","KERNEL32.dll","GetProcAddress"
"0x00003AC3","0x004301E8","KERNEL32.dll","GetProcAddress"
"0x00003AF0","0x004301E8","KERNEL32.dll","GetProcAddress"
"0x00003B1D","0x004301E8","KERNEL32.dll","GetProcAddress"
"0x00003B4A","0x004301E8","KERNEL32.dll","GetProcAddress"
"0x00003B77","0x004301E8","KERNEL32.dll","GetProcAddress"
"0x00003BA4","0x004301E8","KERNEL32.dll","GetProcAddress"
"0x00003BD1","0x004301E8","KERNEL32.dll","GetProcAddress"
"0x00003BFE","0x004301E8","KERNEL32.dll","GetProcAddress"
"0x00003C2B","0x004301E8","KERNEL32.dll","GetProcAddress"
"0x00003C58","0x004301E8","KERNEL32.dll","GetProcAddress"
"0x00003C85","0x004301E8","KERNEL32.dll","GetProcAddress"
"0x00003CB2","0x004301E8","KERNEL32.dll","GetProcAddress"
"0x00003CDF","0x004301E8","KERNEL32.dll","GetProcAddress"
"0x00003D0C","0x004301E8","KERNEL32.dll","GetProcAddress"
"0x00003D39","0x004301E8","KERNEL32.dll","GetProcAddress"
"0x00003D66","0x004301E8","KERNEL32.dll","GetProcAddress"
"0x00003D93","0x004301E8","KERNEL32.dll","GetProcAddress"
"0x00003DC0","0x004301E8","KERNEL32.dll","GetProcAddress"
"0x00003DED","0x004301E8","KERNEL32.dll","GetProcAddress"
"0x00003E1A","0x004301E8","KERNEL32.dll","GetProcAddress"
"0x00003E47","0x004301E8","KERNEL32.dll","GetProcAddress"
"0x00003E74","0x004301E8","KERNEL32.dll","GetProcAddress"
"0x00003EA1","0x004301E8","KERNEL32.dll","GetProcAddress"
"0x00003ECE","0x004301E8","KERNEL32.dll","GetProcAddress"
"0x00003EFB","0x004301E8","KERNEL32.dll","GetProcAddress"
"0x00003F28","0x004301E8","KERNEL32.dll","GetProcAddress"
"0x00003F55","0x004301E8","KERNEL32.dll","GetProcAddress"
"0x00003F82","0x004301E8","KERNEL32.dll","GetProcAddress"
"0x00003FAF","0x004301E8","KERNEL32.dll","GetProcAddress"
"0x00003FDC","0x004301E8","KERNEL32.dll","GetProcAddress"
"0x00004009","0x004301E8","KERNEL32.dll","GetProcAddress"
"0x00004036","0x004301E8","KERNEL32.dll","GetProcAddress"
"0x00004063","0x004301E8","KERNEL32.dll","GetProcAddress"
"0x00004090","0x004301E8","KERNEL32.dll","GetProcAddress"
"0x000040BD","0x004301E8","KERNEL32.dll","GetProcAddress"
"0x000040EA","0x004301E8","KERNEL32.dll","GetProcAddress"
"0x00004117","0x004301E8","KERNEL32.dll","GetProcAddress"
"0x00004144","0x004301E8","KERNEL32.dll","GetProcAddress"
"0x00004171","0x004301E8","KERNEL32.dll","GetProcAddress"
"0x0000419E","0x004301E8","KERNEL32.dll","GetProcAddress"
"0x000041CB","0x004301E8","KERNEL32.dll","GetProcAddress"
"0x000041F8","0x004301E8","KERNEL32.dll","GetProcAddress"
"0x00004225","0x004301E8","KERNEL32.dll","GetProcAddress"
"0x00004252","0x004301E8","KERNEL32.dll","GetProcAddress"
"0x0000427F","0x004301E8","KERNEL32.dll","GetProcAddress"
"0x000042AC","0x004301E8","KERNEL32.dll","GetProcAddress"
"0x000042D9","0x004301E8","KERNEL32.dll","GetProcAddress"
"0x00004306","0x004301E8","KERNEL32.dll","GetProcAddress"
"0x00004333","0x004301E8","KERNEL32.dll","GetProcAddress"
"0x00004360","0x004301E8","KERNEL32.dll","GetProcAddress"
"0x0000438D","0x004301E8","KERNEL32.dll","GetProcAddress"
"0x000043BA","0x004301E8","KERNEL32.dll","GetProcAddress"
"0x000043E7","0x004301E8","KERNEL32.dll","GetProcAddress"
"0x00004414","0x004301E8","KERNEL32.dll","GetProcAddress"
"0x00004441","0x004301E8","KERNEL32.dll","GetProcAddress"
"0x0000446E","0x004301E8","KERNEL32.dll","GetProcAddress"
"0x0000449B","0x004301E8","KERNEL32.dll","GetProcAddress"
"0x000044C8","0x004301E8","KERNEL32.dll","GetProcAddress"
"0x000044F5","0x004301E8","KERNEL32.dll","GetProcAddress"
"0x00004522","0x004301E8","KERNEL32.dll","GetProcAddress"
"0x0000454F","0x004301E8","KERNEL32.dll","GetProcAddress"
"0x0000457C","0x004301E8","KERNEL32.dll","GetProcAddress"
"0x000045A9","0x004301E8","KERNEL32.dll","GetProcAddress"
"0x000045D6","0x004301E8","KERNEL32.dll","GetProcAddress"
"0x00004603","0x004301E8","KERNEL32.dll","GetProcAddress"
"0x00004630","0x004301E8","KERNEL32.dll","GetProcAddress"
"0x0000465D","0x004301E8","KERNEL32.dll","GetProcAddress"
"0x0000468A","0x004301E8","KERNEL32.dll","GetProcAddress"
"0x000046B7","0x004301E8","KERNEL32.dll","GetProcAddress"
"0x000046E4","0x004301E8","KERNEL32.dll","GetProcAddress"
"0x00004711","0x004301E8","KERNEL32.dll","GetProcAddress"
"0x0000473E","0x004301E8","KERNEL32.dll","GetProcAddress"
"0x0000476B","0x004301E8","KERNEL32.dll","GetProcAddress"
"0x00004798","0x004301E8","KERNEL32.dll","GetProcAddress"
"0x000047C5","0x004301E8","KERNEL32.dll","GetProcAddress"
"0x000047F2","0x004301E8","KERNEL32.dll","GetProcAddress"
"0x0000481F","0x004301E8","KERNEL32.dll","GetProcAddress"
"0x0000484C","0x004301E8","KERNEL32.dll","GetProcAddress"
"0x00004879","0x004301E8","KERNEL32.dll","GetProcAddress"
"0x000048A6","0x004301E8","KERNEL32.dll","GetProcAddress"
"0x000048D3","0x004301E8","KERNEL32.dll","GetProcAddress"
"0x00004900","0x004301E8","KERNEL32.dll","GetProcAddress"
"0x0000492D","0x004301E8","KERNEL32.dll","GetProcAddress"
"0x0000495A","0x004301E8","KERNEL32.dll","GetProcAddress"
"0x00004987","0x004301E8","KERNEL32.dll","GetProcAddress"
"0x000049B4","0x004301E8","KERNEL32.dll","GetProcAddress"
"0x000049E1","0x004301E8","KERNEL32.dll","GetProcAddress"
"0x00004A0E","0x004301E8","KERNEL32.dll","GetProcAddress"
"0x00004A3B","0x004301E8","KERNEL32.dll","GetProcAddress"
"0x00004A68","0x004301E8","KERNEL32.dll","GetProcAddress"
"0x00004A95","0x004301E8","KERNEL32.dll","GetProcAddress"
"0x00004AC2","0x004301E8","KERNEL32.dll","GetProcAddress"
"0x00004AEF","0x004301E8","KERNEL32.dll","GetProcAddress"
"0x00004B1C","0x004301E8","KERNEL32.dll","GetProcAddress"
"0x00004B49","0x004301E8","KERNEL32.dll","GetProcAddress"
"0x00004B76","0x004301E8","KERNEL32.dll","GetProcAddress"
"0x00004BA3","0x004301E8","KERNEL32.dll","GetProcAddress"
"0x00004BD0","0x004301E8","KERNEL32.dll","GetProcAddress"
"0x00004BFD","0x004301E8","KERNEL32.dll","GetProcAddress"
"0x00004C2A","0x004301E8","KERNEL32.dll","GetProcAddress"
"0x00004C57","0x004301E8","KERNEL32.dll","GetProcAddress"
"0x00004C84","0x004301E8","KERNEL32.dll","GetProcAddress"
"0x00004CB1","0x004301E8","KERNEL32.dll","GetProcAddress"
"0x00004CDE","0x004301E8","KERNEL32.dll","GetProcAddress"
"0x00004D0B","0x004301E8","KERNEL32.dll","GetProcAddress"
"0x00004D38","0x004301E8","KERNEL32.dll","GetProcAddress"
"0x00004D65","0x004301E8","KERNEL32.dll","GetProcAddress"
"0x00004D92","0x004301E8","KERNEL32.dll","GetProcAddress"
"0x00004DBF","0x004301E8","KERNEL32.dll","GetProcAddress"
"0x00004DEC","0x004301E8","KERNEL32.dll","GetProcAddress"
"0x00004E19","0x004301E8","KERNEL32.dll","GetProcAddress"
"0x00004E46","0x004301E8","KERNEL32.dll","GetProcAddress"
"0x00004E73","0x004301E8","KERNEL32.dll","GetProcAddress"
"0x00004EA0","0x004301E8","KERNEL32.dll","GetProcAddress"
"0x00004ECD","0x004301E8","KERNEL32.dll","GetProcAddress"
"0x00004EFA","0x004301E8","KERNEL32.dll","GetProcAddress"
"0x00004F27","0x004301E8","KERNEL32.dll","GetProcAddress"
"0x00004F54","0x004301E8","KERNEL32.dll","GetProcAddress"
"0x00004F81","0x004301E8","KERNEL32.dll","GetProcAddress"
"0x00004FAE","0x004301E8","KERNEL32.dll","GetProcAddress"
"0x00004FDB","0x004301E8","KERNEL32.dll","GetProcAddress"
"0x00005008","0x004301E8","KERNEL32.dll","GetProcAddress"
"0x00005035","0x004301E8","KERNEL32.dll","GetProcAddress"
"0x00005062","0x004301E8","KERNEL32.dll","GetProcAddress"
"0x0000508F","0x004301E8","KERNEL32.dll","GetProcAddress"
"0x000050BC","0x004301E8","KERNEL32.dll","GetProcAddress"
"0x000050E9","0x004301E8","KERNEL32.dll","GetProcAddress"
"0x00005116","0x004301E8","KERNEL32.dll","GetProcAddress"
"0x00005143","0x004301E8","KERNEL32.dll","GetProcAddress"
"0x00005170","0x004301E8","KERNEL32.dll","GetProcAddress"
"0x0000519D","0x004301E8","KERNEL32.dll","GetProcAddress"
"0x000051CA","0x004301E8","KERNEL32.dll","GetProcAddress"
"0x000051F7","0x004301E8","KERNEL32.dll","GetProcAddress"
"0x00005224","0x004301E8","KERNEL32.dll","GetProcAddress"
"0x00005251","0x004301E8","KERNEL32.dll","GetProcAddress"
"0x0000527E","0x004301E8","KERNEL32.dll","GetProcAddress"
"0x000052AB","0x004301E8","KERNEL32.dll","GetProcAddress"
"0x000052D8","0x004301E8","KERNEL32.dll","GetProcAddress"
"0x00005305","0x004301E8","KERNEL32.dll","GetProcAddress"
"0x00005332","0x004301E8","KERNEL32.dll","GetProcAddress"
"0x000289FB","0x004301E8","KERNEL32.dll","GetProcAddress"
"0x00028A2B","0x004301E8","KERNEL32.dll","GetProcAddress"
"0x00028ADB","0x004301E8","KERNEL32.dll","GetProcAddress"
"0x000388C2","0x004301E8","KERNEL32.dll","GetProcAddress"
"0x0006B5E2","0x004301E8","KERNEL32.dll","GetProcAddress"
"0x0006BC68","0x004301E8","KERNEL32.dll","GetProcAddress"
"0x0006C2EE","0x004301E8","KERNEL32.dll","GetProcAddress"
"0x00186D72","0x004301E8","KERNEL32.dll","GetProcAddress"
"0x00187058","0x004301E8","KERNEL32.dll","GetProcAddress"
"0x00187296","0x004301E8","KERNEL32.dll","GetProcAddress"
"0x001874A8","0x004301E8","KERNEL32.dll","GetProcAddress"
"0x00187739","0x004301E8","KERNEL32.dll","GetProcAddress"
"0x00187998","0x004301E8","KERNEL32.dll","GetProcAddress"
"0x00187BBA","0x004301E8","KERNEL32.dll","GetProcAddress"
"0x00187E25","0x004301E8","KERNEL32.dll","GetProcAddress"
"0x00188170","0x004301E8","KERNEL32.dll","GetProcAddress"
"0x00188402","0x004301E8","KERNEL32.dll","GetProcAddress"
"0x00188664","0x004301E8","KERNEL32.dll","GetProcAddress"
"0x001889A0","0x004301E8","KERNEL32.dll","GetProcAddress"
"0x00188D0A","0x004301E8","KERNEL32.dll","GetProcAddress"
"0x00188F7C","0x004301E8","KERNEL32.dll","GetProcAddress"
"0x00189213","0x004301E8","KERNEL32.dll","GetProcAddress"
"0x001895BD","0x004301E8","KERNEL32.dll","GetProcAddress"
"0x00189874","0x004301E8","KERNEL32.dll","GetProcAddress"
"0x00189C1E","0x004301E8","KERNEL32.dll","GetProcAddress"
"0x00189EA0","0x004301E8","KERNEL32.dll","GetProcAddress"
"0x0018A0E2","0x004301E8","KERNEL32.dll","GetProcAddress"
"0x0018A40A","0x004301E8","KERNEL32.dll","GetProcAddress"
"0x0018A7B4","0x004301E8","KERNEL32.dll","GetProcAddress"
"0x0018AA8E","0x004301E8","KERNEL32.dll","GetProcAddress"
"0x0018AD82","0x004301E8","KERNEL32.dll","GetProcAddress"
"0x0018B026","0x004301E8","KERNEL32.dll","GetProcAddress"
"0x0018B2B7","0x004301E8","KERNEL32.dll","GetProcAddress"
"0x0018B519","0x004301E8","KERNEL32.dll","GetProcAddress"
"0x0018B79B","0x004301E8","KERNEL32.dll","GetProcAddress"
"0x0018B9AD","0x004301E8","KERNEL32.dll","GetProcAddress"
"0x0018BC20","0x004301E8","KERNEL32.dll","GetProcAddress"
"0x0018BF96","0x004301E8","KERNEL32.dll","GetProcAddress"
"0x0018C227","0x004301E8","KERNEL32.dll","GetProcAddress"
"0x0018C5D1","0x004301E8","KERNEL32.dll","GetProcAddress"
"0x0018C853","0x004301E8","KERNEL32.dll","GetProcAddress"
"0x0018CBFD","0x004301E8","KERNEL32.dll","GetProcAddress"
"0x0018CEDA","0x004301E8","KERNEL32.dll","GetProcAddress"
"0x0018D13C","0x004301E8","KERNEL32.dll","GetProcAddress"
"0x0018D3F3","0x004301E8","KERNEL32.dll","GetProcAddress"
"0x0018D68D","0x004301E8","KERNEL32.dll","GetProcAddress"
"0x0018D927","0x004301E8","KERNEL32.dll","GetProcAddress"
"0x0018DBD9","0x004301E8","KERNEL32.dll","GetProcAddress"
"0x0018DEA6","0x004301E8","KERNEL32.dll","GetProcAddress"
"0x0018E0F8","0x004301E8","KERNEL32.dll","GetProcAddress"
"0x0018E35F","0x004301E8","KERNEL32.dll","GetProcAddress"
"0x0018E602","0x004301E8","KERNEL32.dll","GetProcAddress"
"0x0018E859","0x004301E8","KERNEL32.dll","GetProcAddress"
"0x0018EB73","0x004301E8","KERNEL32.dll","GetProcAddress"
"0x0018ED85","0x004301E8","KERNEL32.dll","GetProcAddress"
"0x0018EF97","0x004301E8","KERNEL32.dll","GetProcAddress"
"0x0018F219","0x004301E8","KERNEL32.dll","GetProcAddress"
"0x0018F4E6","0x004301E8","KERNEL32.dll","GetProcAddress"
"0x0018F72B","0x004301E8","KERNEL32.dll","GetProcAddress"
"0x0018F97A","0x004301E8","KERNEL32.dll","GetProcAddress"
"0x0018FDF4","0x004301E8","KERNEL32.dll","GetProcAddress"
"0x00190085","0x004301E8","KERNEL32.dll","GetProcAddress"
"0x00190316","0x004301E8","KERNEL32.dll","GetProcAddress"
"0x001A3184","0x004301E8","KERNEL32.dll","GetProcAddress"
"0x001D1528","0x004301E8","KERNEL32.dll","GetProcAddress"
"0x001D16A5","0x004301E8","KERNEL32.dll","GetProcAddress"
"0x001D1874","0x004301E8","KERNEL32.dll","GetProcAddress"
"0x001D19F3","0x004301E8","KERNEL32.dll","GetProcAddress"
"0x001D1C60","0x004301E8","KERNEL32.dll","GetProcAddress"
"0x001D1E2E","0x004301E8","KERNEL32.dll","GetProcAddress"
"0x001D209A","0x004301E8","KERNEL32.dll","GetProcAddress"
"0x001D221A","0x004301E8","KERNEL32.dll","GetProcAddress"
"0x001D239A","0x004301E8","KERNEL32.dll","GetProcAddress"
"0x001D24E8","0x004301E8","KERNEL32.dll","GetProcAddress"
"0x001D2711","0x004301E8","KERNEL32.dll","GetProcAddress"
"0x001D2901","0x004301E8","KERNEL32.dll","GetProcAddress"
"0x001D2AA8","0x004301E8","KERNEL32.dll","GetProcAddress"
"0x001D2C81","0x004301E8","KERNEL32.dll","GetProcAddress"
"0x001D2E5E","0x004301E8","KERNEL32.dll","GetProcAddress"
"0x001D310A","0x004301E8","KERNEL32.dll","GetProcAddress"
"0x001D3301","0x004301E8","KERNEL32.dll","GetProcAddress"
"0x001D34ED","0x004301E8","KERNEL32.dll","GetProcAddress"
"0x001FE396","0x004301E8","KERNEL32.dll","GetProcAddress"
"0x002C20E1","0x004301E8","KERNEL32.dll","GetProcAddress"
"0x00338241","0x004301E8","KERNEL32.dll","GetProcAddress"
"0x00338254","0x004301E8","KERNEL32.dll","GetProcAddress"
"0x00338304","0x004301E8","KERNEL32.dll","GetProcAddress"
"0x00338317","0x004301E8","KERNEL32.dll","GetProcAddress"
"0x0033832A","0x004301E8","KERNEL32.dll","GetProcAddress"
"0x0033846E","0x004301E8","KERNEL32.dll","GetProcAddress"
"0x00338481","0x004301E8","KERNEL32.dll","GetProcAddress"
"0x00338494","0x004301E8","KERNEL32.dll","GetProcAddress"
"0x00338543","0x004301E8","KERNEL32.dll","GetProcAddress"
"0x00338556","0x004301E8","KERNEL32.dll","GetProcAddress"
"0x0033856E","0x004301E8","KERNEL32.dll","GetProcAddress"
"0x00338589","0x004301E8","KERNEL32.dll","GetProcAddress"
"0x003385A4","0x004301E8","KERNEL32.dll","GetProcAddress"
"0x003385B7","0x004301E8","KERNEL32.dll","GetProcAddress"
"0x003385D4","0x004301E8","KERNEL32.dll","GetProcAddress"
"0x003385EE","0x004301E8","KERNEL32.dll","GetProcAddress"
"0x00338608","0x004301E8","KERNEL32.dll","GetProcAddress"
"0x00338622","0x004301E8","KERNEL32.dll","GetProcAddress"
"0x0033863C","0x004301E8","KERNEL32.dll","GetProcAddress"
"0x00338653","0x004301E8","KERNEL32.dll","GetProcAddress"
"0x00348658","0x004301E8","KERNEL32.dll","GetProcAddress"
"0x00348768","0x004301E8","KERNEL32.dll","GetProcAddress"
"0x00348BFC","0x004301E8","KERNEL32.dll","GetProcAddress"
"0x00348C52","0x004301E8","KERNEL32.dll","GetProcAddress"
"0x00348C65","0x004301E8","KERNEL32.dll","GetProcAddress"
"0x00348E53","0x004301E8","KERNEL32.dll","GetProcAddress"
"0x00348EB0","0x004301E8","KERNEL32.dll","GetProcAddress"
"0x00348EC3","0x004301E8","KERNEL32.dll","GetProcAddress"
"0x00348F48","0x004301E8","KERNEL32.dll","GetProcAddress"
"0x0036DFD2","0x004301E8","KERNEL32.dll","GetProcAddress"
"0x00383679","0x004301E8","KERNEL32.dll","GetProcAddress"
"0x003836DC","0x004301E8","KERNEL32.dll","GetProcAddress"
"0x003900A8","0x004301E8","KERNEL32.dll","GetProcAddress"
"0x003900C4","0x004301E8","KERNEL32.dll","GetProcAddress"
"0x003905A3","0x004301E8","KERNEL32.dll","GetProcAddress"
"0x00395024","0x004301E8","KERNEL32.dll","GetProcAddress"
"0x00395042","0x004301E8","KERNEL32.dll","GetProcAddress"
"0x00395060","0x004301E8","KERNEL32.dll","GetProcAddress"
"0x0039507E","0x004301E8","KERNEL32.dll","GetProcAddress"
"0x0039509C","0x004301E8","KERNEL32.dll","GetProcAddress"
"0x003950BA","0x004301E8","KERNEL32.dll","GetProcAddress"
"0x003950D8","0x004301E8","KERNEL32.dll","GetProcAddress"
"0x003950F6","0x004301E8","KERNEL32.dll","GetProcAddress"
"0x00395114","0x004301E8","KERNEL32.dll","GetProcAddress"
"0x00395132","0x004301E8","KERNEL32.dll","GetProcAddress"
"0x00395150","0x004301E8","KERNEL32.dll","GetProcAddress"
"0x0039516E","0x004301E8","KERNEL32.dll","GetProcAddress"
"0x0039518C","0x004301E8","KERNEL32.dll","GetProcAddress"
"0x003951AA","0x004301E8","KERNEL32.dll","GetProcAddress"
"0x003951C8","0x004301E8","KERNEL32.dll","GetProcAddress"
"0x003951E6","0x004301E8","KERNEL32.dll","GetProcAddress"
"0x00395204","0x004301E8","KERNEL32.dll","GetProcAddress"
"0x00395222","0x004301E8","KERNEL32.dll","GetProcAddress"
"0x00395240","0x004301E8","KERNEL32.dll","GetProcAddress"
"0x0039525E","0x004301E8","KERNEL32.dll","GetProcAddress"
"0x0039527C","0x004301E8","KERNEL32.dll","GetProcAddress"
"0x0039529A","0x004301E8","KERNEL32.dll","GetProcAddress"
"0x003952B8","0x004301E8","KERNEL32.dll","GetProcAddress"
"0x003952D6","0x004301E8","KERNEL32.dll","GetProcAddress"
"0x003952F4","0x004301E8","KERNEL32.dll","GetProcAddress"
"0x00395312","0x004301E8","KERNEL32.dll","GetProcAddress"
"0x00395330","0x004301E8","KERNEL32.dll","GetProcAddress"
"0x0039534E","0x004301E8","KERNEL32.dll","GetProcAddress"
"0x0039536C","0x004301E8","KERNEL32.dll","GetProcAddress"
"0x0039538A","0x004301E8","KERNEL32.dll","GetProcAddress"
"0x003953A8","0x004301E8","KERNEL32.dll","GetProcAddress"
"0x003953C6","0x004301E8","KERNEL32.dll","GetProcAddress"
"0x003953E4","0x004301E8","KERNEL32.dll","GetProcAddress"
"0x00395402","0x004301E8","KERNEL32.dll","GetProcAddress"
"0x00395420","0x004301E8","KERNEL32.dll","GetProcAddress"
"0x0039543E","0x004301E8","KERNEL32.dll","GetProcAddress"
"0x0039545C","0x004301E8","KERNEL32.dll","GetProcAddress"
"0x0039547A","0x004301E8","KERNEL32.dll","GetProcAddress"
"0x00395498","0x004301E8","KERNEL32.dll","GetProcAddress"
"0x003954B6","0x004301E8","KERNEL32.dll","GetProcAddress"
"0x003B1D7E","0x004301E8","KERNEL32.dll","GetProcAddress"
"0x003B1D91","0x004301E8","KERNEL32.dll","GetProcAddress"
"0x003B1DA4","0x004301E8","KERNEL32.dll","GetProcAddress"
"0x003B5608","0x004301E8","KERNEL32.dll","GetProcAddress"
"0x003B561B","0x004301E8","KERNEL32.dll","GetProcAddress"
"0x003B566B","0x004301E8","KERNEL32.dll","GetProcAddress"
"0x003B58FC","0x004301E8","KERNEL32.dll","GetProcAddress"
"0x003C5117","0x004301E8","KERNEL32.dll","GetProcAddress"
"0x003C5148","0x004301E8","KERNEL32.dll","GetProcAddress"
"0x003C5179","0x004301E8","KERNEL32.dll","GetProcAddress"
"0x003C51AA","0x004301E8","KERNEL32.dll","GetProcAddress"
"0x003C51DB","0x004301E8","KERNEL32.dll","GetProcAddress"
"0x003C520C","0x004301E8","KERNEL32.dll","GetProcAddress"
"0x003C523D","0x004301E8","KERNEL32.dll","GetProcAddress"
"0x003C526E","0x004301E8","KERNEL32.dll","GetProcAddress"
"0x003C529F","0x004301E8","KERNEL32.dll","GetProcAddress"
"0x003C52D0","0x004301E8","KERNEL32.dll","GetProcAddress"
"0x003C5301","0x004301E8","KERNEL32.dll","GetProcAddress"
"0x003C5332","0x004301E8","KERNEL32.dll","GetProcAddress"
"0x003C5363","0x004301E8","KERNEL32.dll","GetProcAddress"
"0x003C5394","0x004301E8","KERNEL32.dll","GetProcAddress"
"0x003C53C5","0x004301E8","KERNEL32.dll","GetProcAddress"
"0x003C53F6","0x004301E8","KERNEL32.dll","GetProcAddress"
"0x003C5427","0x004301E8","KERNEL32.dll","GetProcAddress"
"0x003C57DB","0x004301E8","KERNEL32.dll","GetProcAddress"
"0x003C5810","0x004301E8","KERNEL32.dll","GetProcAddress"
"0x003C6024","0x004301E8","KERNEL32.dll","GetProcAddress"
"0x003C603F","0x004301E8","KERNEL32.dll","GetProcAddress"
"0x003C605B","0x004301E8","KERNEL32.dll","GetProcAddress"
"0x003C6077","0x004301E8","KERNEL32.dll","GetProcAddress"
"0x003C6093","0x004301E8","KERNEL32.dll","GetProcAddress"
"0x003C60AF","0x004301E8","KERNEL32.dll","GetProcAddress"
"0x003D407F","0x004301E8","KERNEL32.dll","GetProcAddress"
"0x003EA2B2","0x004301E8","KERNEL32.dll","GetProcAddress"
"0x003F9546","0x004301E8","KERNEL32.dll","GetProcAddress"
"0x00186AE8","0x004302C0","KERNEL32.dll","LoadLibraryA"
"0x001FE21A","0x004302C0","KERNEL32.dll","LoadLibraryA"
"0x003483D9","0x004302C0","KERNEL32.dll","LoadLibraryA"
"0x003836B7","0x004302C0","KERNEL32.dll","LoadLibraryA"
"0x003837B1","0x004302C0","KERNEL32.dll","LoadLibraryA"
"0x001D1279","0x004302F0","KERNEL32.dll","LoadLibraryExA"
"0x001D13F9","0x004302F0","KERNEL32.dll","LoadLibraryExA"
"0x003904B7","0x004302F0","KERNEL32.dll","LoadLibraryExA"
"0x0000B8F8","0x00430548","KERNEL32.dll","LoadLibraryExW"
"0x003B5E73","0x00430548","KERNEL32.dll","LoadLibraryExW"
"0x003C57B2","0x00430548","KERNEL32.dll","LoadLibraryExW"
"0x003C5FE4","0x00430548","KERNEL32.dll","LoadLibraryExW"
"0x003D3FE8","0x00430548","KERNEL32.dll","LoadLibraryExW"
"0x003D400E","0x00430548","KERNEL32.dll","LoadLibraryExW"
"0x003F94C0","0x00430548","KERNEL32.dll","LoadLibraryExW"
"0x003F94E1","0x00430548","KERNEL32.dll","LoadLibraryExW"
"0x003381FB","0x00430580","KERNEL32.dll","LoadLibraryW"
"0x0033820B","0x00430580","KERNEL32.dll","LoadLibraryW"
"0x0033821D","0x00430580","KERNEL32.dll","LoadLibraryW"
"0x00338452","0x00430580","KERNEL32.dll","LoadLibraryW"
"0x00348BB4","0x00430580","KERNEL32.dll","LoadLibraryW"
"0x00348E0C","0x00430580","KERNEL32.dll","LoadLibraryW"
"0x003C6008","0x00430580","KERNEL32.dll","LoadLibraryW"
