"region","instr_rva","op","target_rva","func_begin","func_end","func_size"
"PR02_and_extend","0x003B159C","LEA","0x0070F0F0","0x003B1580","0x003B160A","138"
"PR02_and_extend","0x003B1625","READ","0x007ECF18","0x003B160C","0x003B16C8","188"
"PR02_and_extend","0x003B16E3","LEA","0x0070E2B0","0x003B16C8","0x003B16F9","49"
"PR02_and_extend","0x003B1715","READ","0x007ECF20","0x003B16FC","0x003B1777","123"
"PR02_and_extend","0x003B1791","READ","0x007ECF28","0x003B1778","0x003B1834","188"
"PR02_callers","0x003B1D4A","LEA","0x007ED118","0x003B1D38","0x003B1E56","286"
"PR02_callers","0x003B1D5B","LEA","0x006C8CC8","0x003B1D38","0x003B1E56","286"
"PR02_callers","0x003B1D74","LEA","0x006CEDD8","0x003B1D38","0x003B1E56","286"
"PR02_callers","0x003B1D84","LEA","0x006CEDB8","0x003B1D38","0x003B1E56","286"
"PR02_callers","0x003B1D97","LEA","0x006CED80","0x003B1D38","0x003B1E56","286"
"PR02_callers","0x003B1DCC","LEA","0x007ED140","0x003B1D38","0x003B1E56","286"
"PR02_callers","0x003B1DD5","READ","0x007D68F0","0x003B1D38","0x003B1E56","286"
"PR02_callers","0x003B1DF4","WRITE","0x007ED150","0x003B1D38","0x003B1E56","286"
"PR02_callers","0x003B1DFB","WRITE","0x007ED158","0x003B1D38","0x003B1E56","286"
"PR02_callers","0x003B1E02","LEA","0x003B1E58","0x003B1D38","0x003B1E56","286"
"PR02_callers","0x003B1E32","WRITE","0x007ED148","0x003B1D38","0x003B1E56","286"
"PR02_callers","0x003B1E5C","LEA","0x007ED118","0x003B1E58","0x003B1E80","40"
"PR02_callers","0x003B1E69","READ","0x007ED148","0x003B1E58","0x003B1E80","40"
"PR02_callers","0x003B1E89","LEA","0x007ED118","0x003B1E80","0x003B1EB0","48"
"PR02_callers","0x003B1E99","LEA","0x007ED118","0x003B1E80","0x003B1EB0","48"
"PR02_callers","0x003B1EB9","LEA","0x007ED118","0x003B1EB0","0x003B1F10","96"
"PR02_callers","0x003B1ECC","LEA","0x007ED118","0x003B1EB0","0x003B1F10","96"
"PR02_callers","0x003B1F19","LEA","0x007ED118","0x003B1F10","0x003B1F77","103"
"PR02_callers","0x003B1F64","LEA","0x007ED118","0x003B1F10","0x003B1F77","103"
"PR02_callers","0x003B1F7E","READ","0x007ED148","0x003B1F78","0x003B1FD3","91"
"PR02_callers","0x003B1F8A","READ","0x007D68F0","0x003B1F78","0x003B1FD3","91"
"PR02_callers","0x003B1FA8","LEA","0x007ED140","0x003B1F78","0x003B1FD3","91"
"PR02_callers","0x003B1FC0","READ","0x007ED148","0x003B1F78","0x003B1FD3","91"
"PR02_callers","0x003B1FE7","CMP","0x007ED148","0x003B1FD4","0x003B206B","151"
"PR02_callers","0x003B1FF0","READ","0x007D68F0","0x003B1FD4","0x003B206B","151"
"DPRB01_area","0x00393821","LEA","0x00433970","0x00393814","0x00393865","81"
"DPRB01_area","0x00393844","LEA","0x0070B0A8","0x00393814","0x00393865","81"
"DPRB01_area","0x00393872","LEA","0x00433970","0x00393868","0x003938CA","98"
"DPRB01_area","0x00393899","LEA","0x00433A00","0x00393868","0x003938CA","98"
"DPRB01_area","0x003938AA","LEA","0x0070B0A8","0x00393868","0x003938CA","98"
"DPRB01_area","0x0039391C","LEA","0x0078C020","0x00393900","0x0039392E","46"
"DPRB01_area","0x00393962","LEA","0x0043C6B0","","","0"
"DPRB01_area","0x0039396A","LEA","0x0043C690","","","0"
"DPRB01_area","0x00393972","LEA","0x0043C670","","","0"
"DPRB01_area","0x0039397A","LEA","0x0043C660","","","0"
"DPRB01_area","0x00393D3C","LEA","0x0070B0B8","0x00393C68","0x00393E36","462"
"DPRB01_area","0x00393D53","LEA","0x0070B0B8","0x00393C68","0x00393E36","462"
"DPRB01_area","0x00393DBB","LEA","0x0070B0E0","0x00393C68","0x00393E36","462"
"DPRB01_area","0x00394000","LEA","0x0070B108","0x00393F2C","0x003940F1","453"
"DPRB01_area","0x00394014","LEA","0x0070B108","0x00393F2C","0x003940F1","453"
"DPRB01_area","0x0039406C","LEA","0x0070B130","0x00393F2C","0x003940F1","453"
"DPRB01_area","0x00394107","READ","0x007D68F0","0x003940F4","0x003942C8","468"
"DPRB01_area","0x003944C9","CMP","0x007EC630","0x003944A4","0x00394592","238"
"DPRB01_area","0x003944D2","LEA","0x006C86A8","0x003944A4","0x00394592","238"
"DPRB01_area","0x003945F7","LEA","0x00433A10","0x00394594","0x00394AC6","1330"
"DPRB01_area","0x0039461E","READ","0x007EC648","0x00394594","0x00394AC6","1330"
"DPRB01_area","0x00394635","CMP","0x007EC648","0x00394594","0x00394AC6","1330"
"DPRB01_area","0x0039464E","WRITE","0x007EC648","0x00394594","0x00394AC6","1330"
"DPRB01_area","0x0039465E","READ","0x007EC648","0x00394594","0x00394AC6","1330"
"DPRB01_area","0x0039466A","READ","0x007EC648","0x00394594","0x00394AC6","1330"
"DPRB01_area","0x00394681","CMP","0x007EC648","0x00394594","0x00394AC6","1330"
"DPRB01_area","0x0039469A","WRITE","0x007EC648","0x00394594","0x00394AC6","1330"
"DPRB01_area","0x003946AA","READ","0x007EC648","0x00394594","0x00394AC6","1330"
"DPRB01_area","0x003946F4","LEA","0x006C6C00","0x00394594","0x00394AC6","1330"
"DPRB01_area","0x00394702","READ","0x007E8438","0x00394594","0x00394AC6","1330"
"DPRB01_area","0x00394733","WRITE","0x007E8438","0x00394594","0x00394AC6","1330"
"DPRB01_area","0x00394743","READ","0x007E8438","0x00394594","0x00394AC6","1330"
"DPRB01_area","0x0039476F","LEA","0x0043C7A0","0x00394594","0x00394AC6","1330"
"DPRB01_area","0x0039477D","READ","0x007E5C30","0x00394594","0x00394AC6","1330"
"DPRB01_area","0x003947AE","WRITE","0x007E5C30","0x00394594","0x00394AC6","1330"
"DPRB01_area","0x003947BE","READ","0x007E5C30","0x00394594","0x00394AC6","1330"
"DPRB01_area","0x003947CD","READ","0x007E8438","0x00394594","0x00394AC6","1330"
"DPRB01_area","0x003947E4","CMP","0x007E8438","0x00394594","0x00394AC6","1330"
"DPRB01_area","0x003947FD","WRITE","0x007E8438","0x00394594","0x00394AC6","1330"
"DPRB01_area","0x0039480D","READ","0x007E8438","0x00394594","0x00394AC6","1330"
"DPRB01_area","0x0039482A","READ","0x007E5C30","0x00394594","0x00394AC6","1330"
"DPRB01_area","0x00394841","CMP","0x007E5C30","0x00394594","0x00394AC6","1330"
"DPRB01_area","0x0039485A","WRITE","0x007E5C30","0x00394594","0x00394AC6","1330"
"DPRB01_area","0x0039486A","READ","0x007E5C30","0x00394594","0x00394AC6","1330"
"DPRB01_area","0x003948B4","LEA","0x0043C8D0","0x00394594","0x00394AC6","1330"
"DPRB01_area","0x003948D2","READ","0x007E5C38","0x00394594","0x00394AC6","1330"
"DPRB01_area","0x003948E9","CMP","0x007E5C38","0x00394594","0x00394AC6","1330"
"DPRB01_area","0x00394902","WRITE","0x007E5C38","0x00394594","0x00394AC6","1330"
"DPRB01_area","0x00394912","READ","0x007E5C38","0x00394594","0x00394AC6","1330"
"DPRB01_area","0x00394926","READ","0x007E5C38","0x00394594","0x00394AC6","1330"
"DPRB01_area","0x0039493D","CMP","0x007E5C38","0x00394594","0x00394AC6","1330"
"DPRB01_area","0x00394956","WRITE","0x007E5C38","0x00394594","0x00394AC6","1330"
"DPRB01_area","0x00394966","READ","0x007E5C38","0x00394594","0x00394AC6","1330"
"DPRB01_area","0x003949A6","LEA","0x00435D78","0x00394594","0x00394AC6","1330"
"DPRB01_area","0x003949B5","READ","0x007E5D20","0x00394594","0x00394AC6","1330"
"DPRB01_area","0x003949CC","CMP","0x007E5D20","0x00394594","0x00394AC6","1330"
"DPRB01_area","0x003949E5","WRITE","0x007E5D20","0x00394594","0x00394AC6","1330"
"DPRB01_area","0x003949F5","READ","0x007E5D20","0x00394594","0x00394AC6","1330"
"DPRB01_area","0x00394A01","READ","0x007E5D20","0x00394594","0x00394AC6","1330"
"DPRB01_area","0x00394A18","CMP","0x007E5D20","0x00394594","0x00394AC6","1330"
"DPRB01_area","0x00394A31","WRITE","0x007E5D20","0x00394594","0x00394AC6","1330"
"DPRB01_area","0x00394A41","READ","0x007E5D20","0x00394594","0x00394AC6","1330"
"DPRB01_area","0x00394CF7","READ","0x007D68F0","0x00394CD8","0x00394FC4","748"
"DPRB01_area","0x00394FC8","READ","0x007D6880","0x00394FC4","0x00395001","61"
"DPRB01_area","0x00394FD7","WRITE","0x007D6880","0x00394FC4","0x00395001","61"
"DPRB01_area","0x00394FE4","READ","0x007D6880","0x00394FC4","0x00395001","61"
"DPRB01_area","0x00394FEB","LEA","0x007ECD90","0x00394FC4","0x00395001","61"
"DPRB01_area","0x0039500A","LEA","0x006C8CC8","0x00395004","0x003954D2","1230"
"DPRB01_area","0x0039501A","LEA","0x0070B1F8","0x00395004","0x003954D2","1230"
"DPRB01_area","0x00395031","LEA","0x0070B208","0x00395004","0x003954D2","1230"
"DPRB01_area","0x0039503B","WRITE","0x007ECDF0","0x00395004","0x003954D2","1230"
"DPRB01_area","0x0039504F","LEA","0x0070B210","0x00395004","0x003954D2","1230"
"DPRB01_area","0x00395059","WRITE","0x007ECDF8","0x00395004","0x003954D2","1230"
"DPRB01_area","0x0039506D","LEA","0x0070B220","0x00395004","0x003954D2","1230"
"DPRB01_area","0x00395077","WRITE","0x007ECE00","0x00395004","0x003954D2","1230"
"DPRB01_area","0x0039508B","LEA","0x0070B230","0x00395004","0x003954D2","1230"
"DPRB01_area","0x00395095","WRITE","0x007ECE08","0x00395004","0x003954D2","1230"
"DPRB01_area","0x003950A9","LEA","0x0070B250","0x00395004","0x003954D2","1230"
"DPRB01_area","0x003950B3","WRITE","0x007ECE10","0x00395004","0x003954D2","1230"
"DPRB01_area","0x003950C7","LEA","0x0070B268","0x00395004","0x003954D2","1230"
"DPRB01_area","0x003950D1","WRITE","0x007ECE18","0x00395004","0x003954D2","1230"
"DPRB01_area","0x003950E5","LEA","0x0070B278","0x00395004","0x003954D2","1230"
"DPRB01_area","0x003950EF","WRITE","0x007ECE20","0x00395004","0x003954D2","1230"
"DPRB01_area","0x00395103","LEA","0x0070B290","0x00395004","0x003954D2","1230"
"DPRB01_area","0x0039510D","WRITE","0x007ECE28","0x00395004","0x003954D2","1230"
"DPRB01_area","0x00395121","LEA","0x0070B2A8","0x00395004","0x003954D2","1230"
"DPRB01_area","0x0039512B","WRITE","0x007ECE30","0x00395004","0x003954D2","1230"
"DPRB01_area","0x0039513F","LEA","0x0070B2C0","0x00395004","0x003954D2","1230"
"DPRB01_area","0x00395149","WRITE","0x007ECE38","0x00395004","0x003954D2","1230"
"DPRB01_area","0x0039515D","LEA","0x0070B2D8","0x00395004","0x003954D2","1230"
"DPRB01_area","0x00395167","WRITE","0x007ECE40","0x00395004","0x003954D2","1230"
"DPRB01_area","0x0039517B","LEA","0x0070B2F8","0x00395004","0x003954D2","1230"
"DPRB01_area","0x00395185","WRITE","0x007ECE48","0x00395004","0x003954D2","1230"
"DPRB01_area","0x00395199","LEA","0x0070B310","0x00395004","0x003954D2","1230"
"DPRB01_area","0x003951A3","WRITE","0x007ECE50","0x00395004","0x003954D2","1230"
"DPRB01_area","0x003951B7","LEA","0x0070B328","0x00395004","0x003954D2","1230"
"DPRB01_area","0x003951C1","WRITE","0x007ECE58","0x00395004","0x003954D2","1230"
"DPRB01_area","0x003951D5","LEA","0x0070B340","0x00395004","0x003954D2","1230"
"DPRB01_area","0x003951DF","WRITE","0x007ECE60","0x00395004","0x003954D2","1230"
"DPRB01_area","0x003951F3","LEA","0x0070B358","0x00395004","0x003954D2","1230"
"DPRB01_area","0x003951FD","WRITE","0x007ECE68","0x00395004","0x003954D2","1230"
"DPRB01_area","0x00395211","LEA","0x0070B378","0x00395004","0x003954D2","1230"
"DPRB01_area","0x0039521B","WRITE","0x007ECE70","0x00395004","0x003954D2","1230"
"DPRB01_area","0x0039522F","LEA","0x0070B398","0x00395004","0x003954D2","1230"
"DPRB01_area","0x00395239","WRITE","0x007ECE78","0x00395004","0x003954D2","1230"
"DPRB01_area","0x0039524D","LEA","0x006C8CE8","0x00395004","0x003954D2","1230"
"DPRB01_area","0x00395257","WRITE","0x007ECE80","0x00395004","0x003954D2","1230"
"DPRB01_area","0x0039526B","LEA","0x0070B3B8","0x00395004","0x003954D2","1230"
"DPRB01_area","0x00395275","WRITE","0x007ECE88","0x00395004","0x003954D2","1230"
"DPRB01_area","0x00395289","LEA","0x0070B3D0","0x00395004","0x003954D2","1230"
"DPRB01_area","0x00395293","WRITE","0x007ECE90","0x00395004","0x003954D2","1230"
"DPRB01_area","0x003952A7","LEA","0x0070B3E0","0x00395004","0x003954D2","1230"
"DPRB01_area","0x003952B1","WRITE","0x007ECE98","0x00395004","0x003954D2","1230"
"DPRB01_area","0x003952C5","LEA","0x0070B400","0x00395004","0x003954D2","1230"
"DPRB01_area","0x003952CF","WRITE","0x007ECEA0","0x00395004","0x003954D2","1230"
"DPRB01_area","0x003952E3","LEA","0x0070B420","0x00395004","0x003954D2","1230"
"DPRB01_area","0x003952ED","WRITE","0x007ECEA8","0x00395004","0x003954D2","1230"
"DPRB01_area","0x00395301","LEA","0x006CEDD8","0x00395004","0x003954D2","1230"
"DPRB01_area","0x0039530B","WRITE","0x007ECEB0","0x00395004","0x003954D2","1230"
"DPRB01_area","0x0039531F","LEA","0x006CEDA0","0x00395004","0x003954D2","1230"
"DPRB01_area","0x00395329","WRITE","0x007ECEB8","0x00395004","0x003954D2","1230"
"DPRB01_area","0x0039533D","LEA","0x006CED80","0x00395004","0x003954D2","1230"
"DPRB01_area","0x00395347","WRITE","0x007ECEC0","0x00395004","0x003954D2","1230"
"DPRB01_area","0x0039535B","LEA","0x006CEDB8","0x00395004","0x003954D2","1230"
"DPRB01_area","0x00395365","WRITE","0x007ECEC8","0x00395004","0x003954D2","1230"
"DPRB01_area","0x00395379","LEA","0x0070B440","0x00395004","0x003954D2","1230"
"DPRB01_area","0x00395383","WRITE","0x007ECED0","0x00395004","0x003954D2","1230"
"DPRB01_area","0x00395397","LEA","0x00709600","0x00395004","0x003954D2","1230"
"DPRB01_area","0x003953A1","WRITE","0x007ECED8","0x00395004","0x003954D2","1230"
"DPRB01_area","0x003953B5","LEA","0x0070B458","0x00395004","0x003954D2","1230"
"DPRB01_area","0x003953BF","WRITE","0x007ECEE0","0x00395004","0x003954D2","1230"
"DPRB01_area","0x003953D3","LEA","0x00709618","0x00395004","0x003954D2","1230"
"DPRB01_area","0x003953DA","WRITE","0x007ECEE8","0x00395004","0x003954D2","1230"
"DPRB01_area","0x003953F1","LEA","0x0070B478","0x00395004","0x003954D2","1230"
"DPRB01_area","0x003953FB","WRITE","0x007ECEF0","0x00395004","0x003954D2","1230"
"DPRB01_area","0x0039540F","LEA","0x0070B498","0x00395004","0x003954D2","1230"
"DPRB01_area","0x00395419","WRITE","0x007ECEF8","0x00395004","0x003954D2","1230"
"DPRB01_area","0x0039542D","LEA","0x0070B4B0","0x00395004","0x003954D2","1230"
"DPRB01_area","0x00395437","WRITE","0x007ECF00","0x00395004","0x003954D2","1230"
"DPRB01_area","0x0039544B","LEA","0x0070B4C8","0x00395004","0x003954D2","1230"
"DPRB01_area","0x00395455","WRITE","0x007ECF08","0x00395004","0x003954D2","1230"
"DPRB01_area","0x00395469","LEA","0x0070B4E0","0x00395004","0x003954D2","1230"
"DPRB01_area","0x00395473","WRITE","0x007ECF10","0x00395004","0x003954D2","1230"
"DPRB01_area","0x00395487","LEA","0x0070B4F0","0x00395004","0x003954D2","1230"
"DPRB01_area","0x00395491","WRITE","0x007ECF18","0x00395004","0x003954D2","1230"
"DPRB01_area","0x003954A5","LEA","0x0070B500","0x00395004","0x003954D2","1230"
"DPRB01_area","0x003954AF","WRITE","0x007ECF20","0x00395004","0x003954D2","1230"
"DPRB01_area","0x003954C3","WRITE","0x007ECF28","0x00395004","0x003954D2","1230"
"DPRB01_area","0x003954DE","READ","0x007ECEE0","0x003954D4","0x0039550A","54"
"DPRB01_area","0x00395516","READ","0x007ECE50","0x0039550C","0x00395541","53"
"DPRB01_area","0x0039554E","READ","0x007ECE68","0x00395544","0x00395579","53"
"DPRB01_area","0x00395586","READ","0x007ECF10","0x0039557C","0x003955B2","54"
"DPRB01_area","0x003955CD","READ","0x007ECE20","0x003955B4","0x0039562E","122"
"DPRB01_area","0x00395649","READ","0x007ECE30","0x00395630","0x003956CE","158"
"DPRB01_area","0x00395653","READ","0x007D68F0","0x00395630","0x003956CE","158"
"DPRB01_area","0x0039568E","READ","0x007ECE28","0x00395630","0x003956CE","158"
"DPRB01_area","0x003956E4","READ","0x007ECE38","0x003956D0","0x00395729","89"
"DPRB01_area","0x00395740","READ","0x007ECE58","0x0039572C","0x00395785","89"
"DPRB01_area","0x0039579C","READ","0x007ECF00","0x00395788","0x003957DE","86"
"DPRB01_area","0x003957E6","READ","0x007ECE70","0x003957E0","0x00395806","38"
"DPRB01_area","0x00395817","READ","0x007ECE78","0x00395808","0x0039584D","69"
"DPRB01_area","0x00395856","READ","0x007ECE80","0x00395850","0x00395881","49"
"DPRB01_area","0x0039588E","READ","0x007ECEB0","0x00395884","0x003958C1","61"
"DPRB01_area","0x003958CA","READ","0x007ECE98","0x003958C4","0x003958FB","55"
"DPRB01_area","0x00395906","READ","0x007ECEB8","0x003958FC","0x00395932","54"
"DPRB01_area","0x00395948","READ","0x007ECE10","0x00395934","0x00395994","96"
"DPRB01_area","0x0039599E","READ","0x007ECED8","0x00395994","0x003959CA","54"
"DPRB01_area","0x003959D6","READ","0x007ECEF0","0x003959CC","0x00395A02","54"
"DPRB01_area","0x00395A1D","READ","0x007ECE40","0x00395A04","0x00395A6A","102"
"DPRB01_area","0x00395A80","READ","0x007ECE60","0x00395A6C","0x00395AC1","85"
"DPRB01_area","0x00395AD8","READ","0x007ECED0","0x00395AC4","0x00395B1A","86"
"DPRB01_area","0x00395B35","READ","0x007ECEF8","0x00395B1C","0x00395B83","103"
"DPRB01_area","0x00395B8E","READ","0x007ECF08","0x00395B84","0x00395BBA","54"
"DPRB01_area","0x00395BC6","READ","0x007ECEE8","0x00395BBC","0x00395BF2","54"
"DPRB01_area","0x00395C03","READ","0x007ECE48","0x00395BF4","0x00395C37","67"
"DPRB01_area","0x00395C42","READ","0x007ECEC8","0x00395C38","0x00395C6E","54"
"DPRB01_area","0x00395C7A","READ","0x007ECEC0","0x00395C70","0x00395CA6","54"
"DPRB01_area","0x00395CBC","READ","0x007D68F0","0x00395CA8","0x00396008","864"
"PR03_and_callers","0x003F9401","WRITE","0x007EE0D0","0x003F938C","0x003F9421","149"
"PR03_and_callers","0x003F9443","LEA","0x00000000","0x003F9424","0x003F95C4","416"
"PR03_and_callers","0x003F945B","READ","0x007D68F0","0x003F9424","0x003F95C4","416"
"PR03_and_callers","0x003F94EE","LEA","0x00000000","0x003F9424","0x003F95C4","416"
"PR03_and_callers","0x003F9532","READ","0x007D68F0","0x003F9424","0x003F95C4","416"
"PR03_and_callers","0x003F9551","READ","0x007D68F0","0x003F9424","0x003F95C4","416"
"PR03_and_callers","0x003F957A","READ","0x007D68F0","0x003F9424","0x003F95C4","416"
"PR03_and_callers","0x003F9583","READ","0x007D68F0","0x003F9424","0x003F95C4","416"
"PR03_and_callers","0x003F95CA","LEA","0x0071B434","0x003F95C4","0x003F960D","73"
"PR03_and_callers","0x003F95D3","LEA","0x0071B430","0x003F95C4","0x003F960D","73"
"PR03_and_callers","0x003F95DA","LEA","0x0071B438","0x003F95C4","0x003F960D","73"
"PR03_and_callers","0x003F9631","LEA","0x0071B450","0x003F9610","0x003F96FF","239"
"PR03_and_callers","0x003F963B","LEA","0x0071B448","0x003F9610","0x003F96FF","239"
"PR03_and_callers","0x003F9642","LEA","0x0070B4E0","0x003F9610","0x003F96FF","239"
"PR03_and_callers","0x003F9720","LEA","0x0071B458","0x003F9700","0x003F97A6","166"
"PR03_and_callers","0x003F9727","LEA","0x0071B450","0x003F9700","0x003F97A6","166"
"PR03_and_callers","0x003F9733","LEA","0x0071B458","0x003F9700","0x003F97A6","166"
"PR03_and_callers","0x003F97B5","LEA","0x0071B478","0x003F97A8","0x003F97FD","85"
"PR03_and_callers","0x003F97C1","LEA","0x0071B470","0x003F97A8","0x003F97FD","85"
"PR03_and_callers","0x003F97C8","LEA","0x0070B1F8","0x003F97A8","0x003F97FD","85"
"PR03_and_callers","0x003F980C","LEA","0x0071B480","0x003F9800","0x003F9855","85"
"PR03_and_callers","0x003F9818","LEA","0x0071B478","0x003F9800","0x003F9855","85"
"PR03_and_callers","0x003F981F","LEA","0x0070B208","0x003F9800","0x003F9855","85"
"PR03_and_callers","0x003F9864","LEA","0x0071B488","0x003F9858","0x003F98AD","85"
"PR03_and_callers","0x003F9870","LEA","0x0071B480","0x003F9858","0x003F98AD","85"
"PR03_and_callers","0x003F9877","LEA","0x0070B210","0x003F9858","0x003F98AD","85"
"PR03_and_callers","0x003F98C2","LEA","0x0071B490","0x003F98B0","0x003F9918","104"
"PR03_and_callers","0x003F98CB","LEA","0x0070B220","0x003F98B0","0x003F9918","104"
"PR03_and_callers","0x003F98D7","LEA","0x0071B488","0x003F98B0","0x003F9918","104"
"PR03_and_callers","0x003F9939","LEA","0x0071B4A0","0x003F9918","0x003F99E1","201"
"PR03_and_callers","0x003F9943","LEA","0x0071B498","0x003F9918","0x003F99E1","201"
"PR03_and_callers","0x003F994A","LEA","0x0071B4A0","0x003F9918","0x003F99E1","201"
"PR03_and_callers","0x003F9A05","LEA","0x0071B4B8","0x003F99E4","0x003F9A6F","139"
"PR03_and_callers","0x003F9A0F","LEA","0x0071B4B0","0x003F99E4","0x003F9A6F","139"
"PR03_and_callers","0x003F9A16","LEA","0x0070B3E0","0x003F99E4","0x003F9A6F","139"
"PR03_and_callers","0x003F9A91","LEA","0x0071B4C0","0x003F9A70","0x003F9B08","152"
"PR03_and_callers","0x003F9A9B","LEA","0x0071B4B8","0x003F9A70","0x003F9B08","152"
"PR03_and_callers","0x003F9AA2","LEA","0x0070B4F0","0x003F9A70","0x003F9B08","152"
"PR03_and_callers","0x003F9B15","LEA","0x0071B4C4","0x003F9B08","0x003F9B60","88"
"PR03_and_callers","0x003F9B21","LEA","0x0071B4C0","0x003F9B08","0x003F9B60","88"
"PR03_and_callers","0x003F9B28","LEA","0x0070B420","0x003F9B08","0x003F9B60","88"
"PR03_and_callers","0x003F9B81","LEA","0x0071B4D0","0x003F9B60","0x003F9C1C","188"
"PR03_and_callers","0x003F9B8B","LEA","0x0071B4C8","0x003F9B60","0x003F9C1C","188"
"PR03_and_callers","0x003F9B92","LEA","0x0071B4D0","0x003F9B60","0x003F9C1C","188"
"PR03_and_callers","0x003F9C2D","LEA","0x0071B4E8","0x003F9C1C","0x003F9C8F","115"
"PR03_and_callers","0x003F9C37","LEA","0x0071B4E8","0x003F9C1C","0x003F9C8F","115"
"PR03_and_callers","0x003F9C43","LEA","0x0071B4E0","0x003F9C1C","0x003F9C8F","115"
"PR03_and_callers","0x003F9CA7","LEA","0x0071B510","0x003F9C90","0x003F9D08","120"
"PR03_and_callers","0x003F9CB0","LEA","0x0071B508","0x003F9C90","0x003F9D08","120"
"PR03_and_callers","0x003F9CBA","LEA","0x0070B230","0x003F9C90","0x003F9D08","120"
"PR03_and_callers","0x003F9D15","LEA","0x0071B518","0x003F9D08","0x003F9D6E","102"
"PR03_and_callers","0x003F9D21","LEA","0x0071B510","0x003F9D08","0x003F9D6E","102"
"PR03_and_callers","0x003F9D28","LEA","0x0071B518","0x003F9D08","0x003F9D6E","102"
"PR03_and_callers","0x003F9D92","LEA","0x0071B540","0x003F9D70","0x003F9DFB","139"
"PR03_and_callers","0x003F9D9B","LEA","0x0071B538","0x003F9D70","0x003F9DFB","139"
"PR03_and_callers","0x003F9DA2","LEA","0x0071B540","0x003F9D70","0x003F9DFB","139"
"PR03_and_callers","0x003F9E1D","LEA","0x0071B538","0x003F9DFC","0x003F9EEB","239"
"PR03_and_callers","0x003F9E27","LEA","0x0071B530","0x003F9DFC","0x003F9EEB","239"
"PR03_and_callers","0x003F9E2E","LEA","0x0070B500","0x003F9DFC","0x003F9EEB","239"
"PR03_and_callers","0x003F9EFD","LEA","0x0071B560","0x003F9EEC","0x003F9F51","101"
"PR03_and_callers","0x003F9F07","LEA","0x0071B560","0x003F9EEC","0x003F9F51","101"
"PR03_and_callers","0x003F9F13","LEA","0x0071B558","0x003F9EEC","0x003F9F51","101"
"PR03_and_callers","0x003F9F60","LEA","0x0071B578","0x003F9F54","0x003F9F9F","75"
"PR03_and_callers","0x003F9F6C","LEA","0x0071B574","0x003F9F54","0x003F9F9F","75"
"PR03_and_callers","0x003F9F73","LEA","0x007127C0","0x003F9F54","0x003F9F9F","75"
"PR03_and_callers","0x003F9FA6","LEA","0x0071B57C","0x003F9FA0","0x003F9FDE","62"
"PR03_and_callers","0x003F9FB2","LEA","0x0071B578","0x003F9FA0","0x003F9FDE","62"
"PR03_and_callers","0x003F9FB9","LEA","0x007127D0","0x003F9FA0","0x003F9FDE","62"
"PR03_and_callers","0x003F9FF1","LEA","0x0071B588","0x003F9FE0","0x003FA044","100"
"OPT_DISP_area","0x003B276E","LEA","0x00432580","0x003B2714","0x003B288B","375"
"OPT_DISP_area","0x003B2775","LEA","0x00432538","0x003B2714","0x003B288B","375"
"OPT_DISP_area","0x003B278F","LEA","0x00432530","0x003B2714","0x003B288B","375"
"OPT_DISP_area","0x003B2796","LEA","0x00430910","0x003B2714","0x003B288B","375"
"OPT_DISP_area","0x003B28A0","LEA","0x007ED1B0","","","0"
"setters_area","0x003EA293","LEA","0x00717A78","0x003EA27C","0x003EA2E8","108"
"setters_area","0x003EA2AB","LEA","0x00717A90","0x003EA27C","0x003EA2E8","108"
"setters_area","0x003EA2E8","WRITE","0x007EDB70","","","0"
"setters_area","0x003EA320","READ","0x007D68F0","0x003EA31C","0x003EA360","68"
"setters_area","0x003EA33F","CMP","0x007EDB70","0x003EA31C","0x003EA360","68"
"setters_area","0x003EA34E","WRITE","0x007EDB70","0x003EA31C","0x003EA360","68"
