"file","dll","import_name","kind"
"EIO.dll","ADVAPI32.dll","AdjustTokenPrivileges","name"
"EIO.dll","ADVAPI32.dll","CloseServiceHandle","name"
"EIO.dll","ADVAPI32.dll","ControlService","name"
"EIO.dll","ADVAPI32.dll","CreateServiceA","name"
"EIO.dll","ADVAPI32.dll","DeleteService","name"
"EIO.dll","ADVAPI32.dll","LookupPrivilegeValueA","name"
"EIO.dll","ADVAPI32.dll","OpenProcessToken","name"
"EIO.dll","ADVAPI32.dll","OpenSCManagerA","name"
"EIO.dll","ADVAPI32.dll","OpenServiceA","name"
"EIO.dll","ADVAPI32.dll","QueryServiceStatus","name"
"EIO.dll","ADVAPI32.dll","RegCloseKey","name"
"EIO.dll","ADVAPI32.dll","RegCreateKeyExA","name"
"EIO.dll","ADVAPI32.dll","RegDeleteValueA","name"
"EIO.dll","ADVAPI32.dll","RegQueryValueExA","name"
"EIO.dll","ADVAPI32.dll","RegSetValueExA","name"
"EIO.dll","ADVAPI32.dll","StartServiceA","name"
"EIO.dll","KERNEL32.dll","CloseHandle","name"
"EIO.dll","KERNEL32.dll","CopyFileA","name"
"EIO.dll","KERNEL32.dll","CreateFileA","name"
"EIO.dll","KERNEL32.dll","CreateMutexA","name"
"EIO.dll","KERNEL32.dll","DeleteCriticalSection","name"
"EIO.dll","KERNEL32.dll","DeleteFileA","name"
"EIO.dll","KERNEL32.dll","DeviceIoControl","name"
"EIO.dll","KERNEL32.dll","EnterCriticalSection","name"
"EIO.dll","KERNEL32.dll","ExitProcess","name"
"EIO.dll","KERNEL32.dll","FlushFileBuffers","name"
"EIO.dll","KERNEL32.dll","FormatMessageA","name"
"EIO.dll","KERNEL32.dll","FreeEnvironmentStringsA","name"
"EIO.dll","KERNEL32.dll","FreeEnvironmentStringsW","name"
"EIO.dll","KERNEL32.dll","GetACP","name"
"EIO.dll","KERNEL32.dll","GetCommandLineA","name"
"EIO.dll","KERNEL32.dll","GetCPInfo","name"
"EIO.dll","KERNEL32.dll","GetCurrentProcess","name"
"EIO.dll","KERNEL32.dll","GetCurrentThreadId","name"
"EIO.dll","KERNEL32.dll","GetEnvironmentStrings","name"
"EIO.dll","KERNEL32.dll","GetEnvironmentStringsW","name"
"EIO.dll","KERNEL32.dll","GetEnvironmentVariableA","name"
"EIO.dll","KERNEL32.dll","GetFileType","name"
"EIO.dll","KERNEL32.dll","GetLastError","name"
"EIO.dll","KERNEL32.dll","GetModuleFileNameA","name"
"EIO.dll","KERNEL32.dll","GetModuleHandleA","name"
"EIO.dll","KERNEL32.dll","GetOEMCP","name"
"EIO.dll","KERNEL32.dll","GetProcAddress","name"
"EIO.dll","KERNEL32.dll","GetStartupInfoA","name"
"EIO.dll","KERNEL32.dll","GetStdHandle","name"
"EIO.dll","KERNEL32.dll","GetStringTypeA","name"
"EIO.dll","KERNEL32.dll","GetStringTypeW","name"
"EIO.dll","KERNEL32.dll","GetSystemDirectoryA","name"
"EIO.dll","KERNEL32.dll","GetVersion","name"
"EIO.dll","KERNEL32.dll","GetVersionExA","name"
"EIO.dll","KERNEL32.dll","GetWindowsDirectoryA","name"
"EIO.dll","KERNEL32.dll","GlobalAlloc","name"
"EIO.dll","KERNEL32.dll","GlobalLock","name"
"EIO.dll","KERNEL32.dll","HeapAlloc","name"
"EIO.dll","KERNEL32.dll","HeapCreate","name"
"EIO.dll","KERNEL32.dll","HeapDestroy","name"
"EIO.dll","KERNEL32.dll","HeapFree","name"
"EIO.dll","KERNEL32.dll","HeapReAlloc","name"
"EIO.dll","KERNEL32.dll","InitializeCriticalSection","name"
"EIO.dll","KERNEL32.dll","InterlockedDecrement","name"
"EIO.dll","KERNEL32.dll","InterlockedIncrement","name"
"EIO.dll","KERNEL32.dll","LCMapStringA","name"
"EIO.dll","KERNEL32.dll","LCMapStringW","name"
"EIO.dll","KERNEL32.dll","LeaveCriticalSection","name"
"EIO.dll","KERNEL32.dll","LoadLibraryA","name"
"EIO.dll","KERNEL32.dll","LocalFree","name"
"EIO.dll","KERNEL32.dll","MultiByteToWideChar","name"
"EIO.dll","KERNEL32.dll","OpenMutexA","name"
"EIO.dll","KERNEL32.dll","ReleaseMutex","name"
"EIO.dll","KERNEL32.dll","RtlUnwind","name"
"EIO.dll","KERNEL32.dll","SetFileAttributesA","name"
"EIO.dll","KERNEL32.dll","SetFilePointer","name"
"EIO.dll","KERNEL32.dll","SetHandleCount","name"
"EIO.dll","KERNEL32.dll","SetLastError","name"
"EIO.dll","KERNEL32.dll","SetStdHandle","name"
"EIO.dll","KERNEL32.dll","Sleep","name"
"EIO.dll","KERNEL32.dll","TerminateProcess","name"
"EIO.dll","KERNEL32.dll","TlsAlloc","name"
"EIO.dll","KERNEL32.dll","TlsFree","name"
"EIO.dll","KERNEL32.dll","TlsGetValue","name"
"EIO.dll","KERNEL32.dll","TlsSetValue","name"
"EIO.dll","KERNEL32.dll","VirtualAlloc","name"
"EIO.dll","KERNEL32.dll","VirtualFree","name"
"EIO.dll","KERNEL32.dll","WideCharToMultiByte","name"
"EIO.dll","KERNEL32.dll","WriteFile","name"
"EIO.dll","USER32.dll","ExitWindowsEx","name"
"EIO.dll","USER32.dll","wsprintfA","name"
"EIO.dll","VERSION.dll","GetFileVersionInfoA","name"
"EIO.dll","VERSION.dll","GetFileVersionInfoSizeA","name"
"EIO.dll","VERSION.dll","VerQueryValueA","name"
"EIO.exe","KERNEL32.dll","CloseHandle","name"
"EIO.exe","KERNEL32.dll","CompareStringW","name"
"EIO.exe","KERNEL32.dll","CreateFileW","name"
"EIO.exe","KERNEL32.dll","DecodePointer","name"
"EIO.exe","KERNEL32.dll","DeleteCriticalSection","name"
"EIO.exe","KERNEL32.dll","EnterCriticalSection","name"
"EIO.exe","KERNEL32.dll","ExitProcess","name"
"EIO.exe","KERNEL32.dll","FindClose","name"
"EIO.exe","KERNEL32.dll","FindFirstFileExA","name"
"EIO.exe","KERNEL32.dll","FindNextFileA","name"
"EIO.exe","KERNEL32.dll","FlushFileBuffers","name"
"EIO.exe","KERNEL32.dll","FreeEnvironmentStringsW","name"
"EIO.exe","KERNEL32.dll","FreeLibrary","name"
"EIO.exe","KERNEL32.dll","GetACP","name"
"EIO.exe","KERNEL32.dll","GetCommandLineA","name"
"EIO.exe","KERNEL32.dll","GetCommandLineW","name"
"EIO.exe","KERNEL32.dll","GetConsoleCP","name"
"EIO.exe","KERNEL32.dll","GetConsoleMode","name"
"EIO.exe","KERNEL32.dll","GetCPInfo","name"
"EIO.exe","KERNEL32.dll","GetCurrentProcess","name"
"EIO.exe","KERNEL32.dll","GetCurrentProcessId","name"
"EIO.exe","KERNEL32.dll","GetCurrentThreadId","name"
"EIO.exe","KERNEL32.dll","GetEnvironmentStringsW","name"
"EIO.exe","KERNEL32.dll","GetFileType","name"
"EIO.exe","KERNEL32.dll","GetLastError","name"
"EIO.exe","KERNEL32.dll","GetModuleFileNameA","name"
"EIO.exe","KERNEL32.dll","GetModuleHandleExW","name"
"EIO.exe","KERNEL32.dll","GetModuleHandleW","name"
"EIO.exe","KERNEL32.dll","GetOEMCP","name"
"EIO.exe","KERNEL32.dll","GetProcAddress","name"
"EIO.exe","KERNEL32.dll","GetProcessHeap","name"
"EIO.exe","KERNEL32.dll","GetStartupInfoW","name"
"EIO.exe","KERNEL32.dll","GetStdHandle","name"
"EIO.exe","KERNEL32.dll","GetStringTypeW","name"
"EIO.exe","KERNEL32.dll","GetSystemTimeAsFileTime","name"
"EIO.exe","KERNEL32.dll","HeapAlloc","name"
"EIO.exe","KERNEL32.dll","HeapFree","name"
"EIO.exe","KERNEL32.dll","HeapReAlloc","name"
"EIO.exe","KERNEL32.dll","HeapSize","name"
"EIO.exe","KERNEL32.dll","InitializeCriticalSectionAndSpinCount","name"
"EIO.exe","KERNEL32.dll","InitializeSListHead","name"
"EIO.exe","KERNEL32.dll","IsDebuggerPresent","name"
"EIO.exe","KERNEL32.dll","IsProcessorFeaturePresent","name"
"EIO.exe","KERNEL32.dll","IsValidCodePage","name"
"EIO.exe","KERNEL32.dll","LCMapStringW","name"
"EIO.exe","KERNEL32.dll","LeaveCriticalSection","name"
"EIO.exe","KERNEL32.dll","LoadLibraryA","name"
"EIO.exe","KERNEL32.dll","LoadLibraryExW","name"
"EIO.exe","KERNEL32.dll","MultiByteToWideChar","name"
"EIO.exe","KERNEL32.dll","QueryPerformanceCounter","name"
"EIO.exe","KERNEL32.dll","RaiseException","name"
"EIO.exe","KERNEL32.dll","RtlUnwind","name"
"EIO.exe","KERNEL32.dll","SetEnvironmentVariableA","name"
"EIO.exe","KERNEL32.dll","SetFilePointerEx","name"
"EIO.exe","KERNEL32.dll","SetLastError","name"
"EIO.exe","KERNEL32.dll","SetStdHandle","name"
"EIO.exe","KERNEL32.dll","SetUnhandledExceptionFilter","name"
"EIO.exe","KERNEL32.dll","TerminateProcess","name"
"EIO.exe","KERNEL32.dll","TlsAlloc","name"
"EIO.exe","KERNEL32.dll","TlsFree","name"
"EIO.exe","KERNEL32.dll","TlsGetValue","name"
"EIO.exe","KERNEL32.dll","TlsSetValue","name"
"EIO.exe","KERNEL32.dll","UnhandledExceptionFilter","name"
"EIO.exe","KERNEL32.dll","WideCharToMultiByte","name"
"EIO.exe","KERNEL32.dll","WriteConsoleW","name"
"EIO.exe","KERNEL32.dll","WriteFile","name"
